Master,Code,Country,Short,Abbr,Num,Alpha2,ISOcountry,WDIcountry,ICPcountry,AMA,M49,WEOcode,WEOcountry,ERS,Continent,Region,Subregion,TelluReg,Affluent,EU,Small,CurrCode,Currency,Long,Lat
1,AFG,Afghanistan,Afghanistan,Afg.,4,AF,Afghanistan,Afghanistan,Afghanistan,Afghanistan,Afghanistan,AFG,Afghanistan,Afghanistan,Asia,S Asia,S Asia,S Asia,,,,AFN,Afghani,66.51753208,34.14830574
,ALA,Aland Islands,Aland Is,Aland,248,AX,Åland Islands,,,,Åland Islands,,,,Europe,N Europe,N Europe,Eur & C Asia,1,,,EUR,Euro,#N/A,#N/A
0,ALB,Albania,Albania,Alb.,8,AL,Albania,Albania,Albania,Albania,Albania,ALB,Albania,Albania,Europe,S Europe,S Europe,Eur & C Asia,1,,,ALL,Lek,20.07558222,40.71855977
1,DZA,Algeria,Algeria,Alg.,12,DZ,Algeria,Algeria,Algeria,Algeria,Algeria,DZA,Algeria,Algeria,Africa,Africa,N Africa,MENA,,,,DZD,Dinar,2.829456239,27.40599339
,ASM,American Samoa,Am Samoa,Am.Sam.,16,AS,American Samoa,American Samoa,American Samoa,,American Samoa,,,,Oceania,Oceania,Oceania,SE Asia - Pac,,,,USD,Dollar,#N/A,#N/A
0,AND,Andorra,Andorra,And.,20,AD,Andorra,Andorra,,Andorra,Andorra,,,,Europe,S Europe,S Europe,Eur & C Asia,1,,1,EUR,Euro,1.556870435,42.54832753
1,AGO,Angola,Angola,Ango.,24,AO,Angola,Angola,Angola,Angola,Angola,AGO,Angola,Angola,Africa,Africa,SSA,SSA,,,,AOA,Kwanza,17.99993537,-12.17492083
0,AIA,Anguilla,Anguilla,Angu.,660,AI,Anguilla,,Anguilla,Anguilla,Anguilla,,,,N America,Latam & Carib,Latam & Carib,Latam & Carib,,,1,XCD,Dollar,-63.04224078,18.22037286
,ATA,Antarctica,Antarctica,Antar.,10,AQ,Antarctica,,,,Antarctica,,,,Antarctica,Antarctica,Antarctica,Antarctica,,,,#N/A,#N/A,#N/A,#N/A
0,ATG,Antigua and Barbuda,Antigua,Antig.,28,AG,Antigua and Barbuda,Antigua and Barbuda,Antigua and Barbuda,Antigua and Barbuda,Antigua and Barbuda,ATG,Antigua and Barbuda,Antigua and Barbuda,N America,Latam & Carib,Latam & Carib,Latam & Carib,,,1,XCD,Dollar,-61.81074477,17.07022632
1,ARG,Argentina,Argentina,Arg.,32,AR,Argentina,Argentina,Argentina,Argentina,Argentina,ARG,Argentina,Argentina,S America,Latam & Carib,Latam & Carib,Latam & Carib,,,,ARS,Peso,-64.17203843,-33.55084493
0,ARM,Armenia,Armenia,Arm.,51,AM,Armenia,Armenia,Armenia,Armenia,Armenia,ARM,Armenia,Armenia,Asia,W Asia,W Asia,Eur & C Asia,,,,AMD,Dram,44.80604039,40.46889552
0,ABW,Aruba,Aruba,Aruba,533,AW,Aruba,Aruba,Aruba,Aruba,Aruba,ABW,Aruba,,N America,Latam & Carib,Latam & Carib,Latam & Carib,,,1,AWG,Guilder,-69.96983885,12.50760173
1,AUS,Australia,Australia,Aus.,36,AU,Australia,Australia,Australia,Australia,Australia,AUS,Australia,Australia,Oceania,Oceania,Oceania,SE Asia - Pac,1,,,AUD,Dollar,134.0488134,23.99023556
1,AUT,Austria,Austria,Aut.,40,AT,Austria,Austria,Austria,Austria,Austria,AUT,Austria,Austria,Europe,W Europe,W Europe,Eur & C Asia,1,1,,EUR,Euro,14.13751361,47.52725823
1,AZE,Azerbaijan,Azerbaijan,Azer.,31,AZ,Azerbaijan,Azerbaijan,Azerbaijan,Azerbaijan,Azerbaijan,AZE,Azerbaijan,Azerbaijan,Asia,W Asia,W Asia,Eur & C Asia,,,,AZN,Manat,47.21716159,40.35852419
0,BHS,Bahamas,Bahamas,Bhs.,44,BS,Bahamas (the),"Bahamas, The","Bahamas, The",Bahamas,Bahamas,BHS,The Bahamas,Bahamas,N America,Latam & Carib,Latam & Carib,Latam & Carib,,,,BSD,Dollar,-77.10302238,26.38606163
0,BHR,Bahrain,Bahrain,Bahr.,48,BH,Bahrain,Bahrain,Bahrain,Bahrain,Bahrain,BHR,Bahrain,Bahrain,Asia,W Asia,W Asia,MENA,,,1,BHD,Dinar,50.55062526,26.06767427
1,BGD,Bangladesh,Bangladesh,Bang.,50,BD,Bangladesh,Bangladesh,Bangladesh,Bangladesh,Bangladesh,BGD,Bangladesh,Bangladesh,Asia,S Asia,S Asia,S Asia,,,,BDT,Taka,89.88839985,24.05496873
0,BRB,Barbados,Barbados,Barb.,52,BB,Barbados,Barbados,Barbados,Barbados,Barbados,BRB,Barbados,Barbados,N America,Latam & Carib,Latam & Carib,Latam & Carib,,,1,BBD,Dollar,-59.55885509,13.1497733
1,BLR,Belarus,Belarus,Bela.,112,BY,Belarus,Belarus,Belarus,Belarus,Belarus,BLR,Belarus,Belarus,Europe,E Europe,E Europe,Eur & C Asia,1,,,BYN,Ruble,28.44634016,53.82377022
1,BEL,Belgium,Belgium,Belg.,56,BE,Belgium,Belgium,Belgium,Belgium,Belgium,BEL,Belgium,Belgium,Europe,W Europe,W Europe,Eur & C Asia,1,1,,EUR,Euro,4.79252842,50.78917756
0,BLZ,Belize,Belize,Belz.,84,BZ,Belize,Belize,Belize,Belize,Belize,BLZ,Belize,Belize,N America,Latam & Carib,Latam & Carib,Latam & Carib,,,,BZD,Dollar,-88.71066395,17.20082406
1,BEN,Benin,Benin,Benin,204,BJ,Benin,Benin,Benin,Benin,Benin,BEN,Benin,Benin,Africa,Africa,SSA,SSA,,,,XOF,Franc,2.363500991,10.34352718
0,BMU,Bermuda,Bermuda,Ber.,60,BM,Bermuda,Bermuda,Bermuda,Bermuda,Bermuda,,,,N America,Northern America,Northern America,Northern America,1,,1,BMD,Dollar,-64.7225,32.3327
0,BTN,Bhutan,Bhutan,Bhu.,64,BT,Bhutan,Bhutan,Bhutan,Bhutan,Bhutan,BTN,Bhutan,Bhutan,Asia,S Asia,S Asia,S Asia,,,,BTN,Ngultrum,89.92119654,27.45670331
1,BOL,Bolivia,Bolivia,Bol.,68,BO,Bolivia (Plurinational State of),Bolivia,Bolivia,Bolivia (Plurinational State of),Bolivia (Plurinational State of),BOL,Bolivia,Bolivia,S America,Latam & Carib,Latam & Carib,Latam & Carib,,,,BOB,Bolíviano,-64.64989359,-16.64726899
,BES,"Bonaire, Sint Eustatius and Saba",Bonaire,Bon.,535,BQ,"Bonaire, Sint Eustatius and Saba",,Bonaire,,"Bonaire, Sint Eustatius and Saba",,,,N America,Latam & Carib,Latam & Carib,Latam & Carib,,,,USD,Dollar,#N/A,#N/A
0,BIH,Bosnia and Herzegovina,Bosnia,Bos.,70,BA,Bosnia and Herzegovina,Bosnia and Herzegovina,Bosnia and Herzegovina,Bosnia and Herzegovina,Bosnia and Herzegovina,BIH,Bosnia and Herzegovina,Bosnia and Herzegovina,Europe,S Europe,S Europe,Eur & C Asia,1,,,BAM,Mark,18.11110718,44.08065872
0,BWA,Botswana,Botswana,Bwa.,72,BW,Botswana,Botswana,Botswana,Botswana,Botswana,BWA,Botswana,Botswana,Africa,Africa,SSA,SSA,,,,BWP,Pula,24.19664288,-22.08936908
,BVT,Bouvet Island,Bouvet Is,Bouv.,74,BV,Bouvet Island,,,,Bouvet Island,,,,S America,Latam & Carib,Latam & Carib,Latam & Carib,,,,#N/A,#N/A,#N/A,#N/A
1,BRA,Brazil,Brazil,Bra.,76,BR,Brazil,Brazil,Brazil,Brazil,Brazil,BRA,Brazil,Brazil,S America,Latam & Carib,Latam & Carib,Latam & Carib,,,,BRL,Real,-49.82736433,-11.07540519
,IOT,British Indian Ocean Territory,BIOT,BIOT,86,IO,British Indian Ocean Territory (the),,,,British Indian Ocean Territory,,,,Africa,Africa,SSA,SSA,,,,#N/A,#N/A,#N/A,#N/A
0,VGB,British Virgin Islands,Br Virgin Is,BVI,92,VG,Virgin Islands (British),British Virgin Islands,"Virgin Islands, British",British Virgin Islands,British Virgin Islands,,,,N America,Latam & Carib,Latam & Carib,Latam & Carib,,,1,USD,Dollar,-64.62810313,18.43452405
0,BRN,Brunei Darussalam,Brunei,Bru.,96,BN,Brunei Darussalam,Brunei Darussalam,Brunei Darussalam,Brunei Darussalam,Brunei Darussalam,BRN,Brunei Darussalam,Brunei,Asia,SE Asia,SE Asia,SE Asia - Pac,,,1,BND,Dollar,114.6006579,4.486387886
1,BGR,Bulgaria,Bulgaria,Bulg.,100,BG,Bulgaria,Bulgaria,Bulgaria,Bulgaria,Bulgaria,BGR,Bulgaria,Bulgaria,Europe,E Europe,E Europe,Eur & C Asia,1,1,,BGN,Lev,25.16358131,42.49706658
1,BFA,Burkina Faso,Burkina Faso,B.Faso,854,BF,Burkina Faso,Burkina Faso,Burkina Faso,Burkina Faso,Burkina Faso,BFA,Burkina Faso,Burkina Faso,Africa,Africa,SSA,SSA,,,,XOF,Franc,-1.350407153,12.67155753
1,BDI,Burundi,Burundi,Bur.,108,BI,Burundi,Burundi,Burundi,Burundi,Burundi,BDI,Burundi,Burundi,Africa,Africa,SSA,SSA,,,,BIF,Franc,29.92417457,-3.34640628
0,CPV,Cabo Verde,Cabo Verde,C.Ver.,132,CV,Cabo Verde,Cabo Verde,Cabo Verde,Cabo Verde,Cabo Verde,CPV,Cabo Verde,Cabo Verde,Africa,Africa,SSA,SSA,,,1,CVE,Escudo,-23.62699841,15.07252314
1,KHM,Cambodia,Cambodia,Camb.,116,KH,Cambodia,Cambodia,Cambodia,Cambodia,Cambodia,KHM,Cambodia,Cambodia,Asia,SE Asia,SE Asia,SE Asia - Pac,,,,KHR,Riel,104.5210125,12.63930671
1,CMR,Cameroon,Cameroon,Came.,120,CM,Cameroon,Cameroon,Cameroon,Cameroon,Cameroon,CMR,Cameroon,Cameroon,Africa,Africa,SSA,SSA,,,,XAF,Franc,12.3649581,4.502468929
1,CAN,Canada,Canada,Can.,124,CA,Canada,Canada,Canada,Canada,Canada,CAN,Canada,Canada,N America,Northern America,Northern America,Northern America,1,,,CAD,Dollar,-102.5048602,58.53083766
0,CYM,Cayman Islands,Cayman Islands,Cay.Is.,136,KY,Cayman Islands (the),Cayman Islands,Cayman Islands,Cayman Islands,Cayman Islands,,,,N America,Latam & Carib,Latam & Carib,Latam & Carib,,,1,KYD,Dollar,-81.23051311,19.31567909
0,CAF,Central African Republic,C African Rep,CAR,140,CF,Central African Republic (the),Central African Republic,Central African Republic,Central African Republic,Central African Republic,CAF,Central African Republic,Central African Republic,Africa,Africa,SSA,SSA,,,,XAF,Franc,21.48075628,6.906416418
1,TCD,Chad,Chad,Chad,148,TD,Chad,Chad,Chad,Chad,Chad,TCD,Chad,Chad,Africa,Africa,SSA,SSA,,,,XAF,Franc,18.76628123,15.19925721
1,CHL,Chile,Chile,Chile,152,CL,Chile,Chile,Chile,Chile,Chile,CHL,Chile,Chile,S America,Latam & Carib,Latam & Carib,Latam & Carib,,,,CLP,Peso,-72.28455101,-37.8991435
1,CHN,China,China,China,156,CN,China,China,China,"China, People's Republic of",China,CHN,China,China,Asia,E Asia,E Asia,E Asia,,,,CNY,Yuan,106.37503,32.49977592
,CXR,Christmas Island,Christmas Is,Chris.,162,CX,Christmas Island,,,,Christmas Island,,,,Oceania,Oceania,Oceania,SE Asia - Pac,1,,,AUD,Dollar,#N/A,#N/A
,CCK,Cocos Islands,Cocos Is,Cocos,166,CC,Cocos (Keeling) Islands (the),,,,Cocos (Keeling) Islands,,,,Oceania,Oceania,Oceania,SE Asia - Pac,1,,,AUD,Dollar,#N/A,#N/A
1,COL,Colombia,Colombia,Col.,170,CO,Colombia,Colombia,Colombia,Colombia,Colombia,COL,Colombia,Colombia,S America,Latam & Carib,Latam & Carib,Latam & Carib,,,,COP,Peso,-73.18156401,3.418420141
0,COM,Comoros,Comoros,Com.,174,KM,Comoros (the),Comoros,Comoros,Comoros,Comoros,COM,Comoros,,Africa,Africa,SSA,SSA,,,1,KMF,Franc,43.34261405,-11.74360249
1,COD,"Congo, Dem. Rep.","Congo, DR",DRC,180,CD,Congo (the Democratic Republic of the),"Congo, Dem. Rep.","Congo, Dem. Rep.",Democratic Republic of the Congo,Democratic Republic of the Congo,COD,Democratic Republic of the Congo,Democratic Republic of Congo,Africa,Africa,SSA,SSA,,,,CDF,Franc,23.47265462,-2.27302051
0,COG,"Congo, Rep.","Congo, Rep",Congo,178,CG,Congo (the),"Congo, Rep.","Congo, Rep.",Congo,Congo,COG,Republic of Congo,Republic of Congo,Africa,Africa,SSA,SSA,,,,XAF,Franc,15.91949005,0.116318226
0,COK,Cook Islands,Cook Is,Cook,184,CK,Cook Islands (the),,Cook Islands,Cook Islands,Cook Islands,,,,Oceania,Oceania,Oceania,SE Asia - Pac,,,1,NZD,Dollar,-158.0301058,-8.923573087
0,CRI,Costa Rica,Costa Rica,CR,188,CR,Costa Rica,Costa Rica,Costa Rica,Costa Rica,Costa Rica,CRI,Costa Rica,Costa Rica,N America,Latam & Carib,Latam & Carib,Latam & Carib,,,,CRC,Colon,-84.6,10.4
1,CIV,Cote d'Ivoire,Cote d'Ivoire,C.Ivo.,384,CI,Côte d'Ivoire,Cote d'Ivoire,Côte d'Ivoire,Côte d'Ivoire,Côte d’Ivoire,CIV,Côte d'Ivoire,Côte d’Ivoire,Africa,Africa,SSA,SSA,,,,XOF,Franc,-5.495831966,7.570921702
1,HRV,Croatia,Croatia,Cro.,191,HR,Croatia,Croatia,Croatia,Croatia,Croatia,HRV,Croatia,Croatia,Europe,S Europe,S Europe,Eur & C Asia,1,1,,HRK,Kuna,16.9,45.80899063
9,CUB,Cuba,Cuba,Cuba,192,CU,Cuba,Cuba,Cuba,Cuba,Cuba,,,Cuba,N America,Latam & Carib,Latam & Carib,Latam & Carib,,,,CUC,Peso,-77.95900312,21.32249851
0,CUW,Curacao,Curacao,Cur.,531,CW,Curaçao,Curacao,Curaçao,Curaçao,Curaçao,,,,N America,Latam & Carib,Latam & Carib,Latam & Carib,,,1,ANG,Guilder,-68.96804572,12.15801128
1,CYP,Cyprus,Cyprus,Cyp.,196,CY,Cyprus,Cyprus,Cyprus,Cyprus,Cyprus,CYP,Cyprus,Cyprus,Asia,W Asia,W Asia,Eur & C Asia,1,1,1,EUR,Euro,33.20530901,35.03066081
1,CZE,Czechia,Czechia,Cz.,203,CZ,Czechia,Czech Republic,Czech Republic,Czechia,Czechia,CZE,Czech Republic,Czech Republic,Europe,E Europe,E Europe,Eur & C Asia,1,1,,CZK,Koruna,15.37966585,49.88556597
1,DNK,Denmark,Denmark,Den.,208,DK,Denmark,Denmark,Denmark,Denmark,Denmark,DNK,Denmark,Denmark,Europe,N Europe,N Europe,Eur & C Asia,1,1,,DKK,Krone,9.056048208,55.97879354
0,DJI,Djibouti,Djibouti,Dji.,262,DJ,Djibouti,Djibouti,Djibouti,Djibouti,Djibouti,DJI,Djibouti,Djibouti,Africa,Africa,SSA,SSA,,,,DJF,Franc,42.48844755,11.96459291
0,DMA,Dominica,Dominica,Dom.,212,DM,Dominica,Dominica,Dominica,Dominica,Dominica,DMA,Dominica,Dominica,N America,Latam & Carib,Latam & Carib,Latam & Carib,,,1,XCD,Dollar,-61.34842846,15.44573227
1,DOM,Dominican Republic,Dominican Rep,DR,214,DO,Dominican Republic (the),Dominican Republic,Dominican Republic,Dominican Republic,Dominican Republic,DOM,Dominican Republic,Dominican Republic,N America,Latam & Carib,Latam & Carib,Latam & Carib,,,,DOP,Peso,-70.62445086,19.09245884
1,ECU,Ecuador,Ecuador,Ecu.,218,EC,Ecuador,Ecuador,Ecuador,Ecuador,Ecuador,ECU,Ecuador,Ecuador,S America,Latam & Carib,Latam & Carib,Latam & Carib,,,,USD,Dollar,-78.37792083,-2.2
1,EGY,Egypt,Egypt,Egypt,818,EG,Egypt,"Egypt, Arab Rep.","Egypt, Arab Rep.",Egypt,Egypt,EGY,Egypt,Egypt,Africa,Africa,N Africa,MENA,,,,EGP,Pound,29.44869436,26.18834146
1,SLV,El Salvador,El Salvador,Sal.,222,SV,El Salvador,El Salvador,El Salvador,El Salvador,El Salvador,SLV,El Salvador,El Salvador,N America,Latam & Carib,Latam & Carib,Latam & Carib,,,,USD,Dollar,-88.3,13.5
0,GNQ,Equatorial Guinea,Eq Guinea,Eq.Gui.,226,GQ,Equatorial Guinea,Equatorial Guinea,Equatorial Guinea,Equatorial Guinea,Equatorial Guinea,GNQ,Equatorial Guinea,Equatorial Guinea,Africa,Africa,SSA,SSA,,,,XAF,Franc,10.46521473,1.586035619
9,ERI,Eritrea,Eritrea,Erit.,232,ER,Eritrea,Eritrea,Eritrea,Eritrea,Eritrea,ERI,Eritrea,Eritrea,Africa,Africa,SSA,SSA,,,,ERN,Nakfa,37.5,15.80351896
1,EST,Estonia,Estonia,Est.,233,EE,Estonia,Estonia,Estonia,Estonia,Estonia,EST,Estonia,Estonia,Europe,N Europe,N Europe,Eur & C Asia,1,1,,EUR,Euro,26.00645746,58.73764719
0,SWZ,Eswatini,Eswatini,Swa.,748,SZ,Eswatini,Eswatini,Eswatini,Kingdom of Eswatini,Eswatini,SWZ,Eswatini,Swaziland/Eswatini,Africa,Africa,SSA,SSA,,,,SZL,Lilangeni,31.48542322,-26.53604268
1,ETH,Ethiopia,Ethiopia,Eth.,231,ET,Ethiopia,Ethiopia,Ethiopia,Ethiopia,Ethiopia,ETH,Ethiopia,Ethiopia,Africa,Africa,SSA,SSA,,,,ETB,Birr,38.88781196,7.997895843
,FLK,Falkland Islands,Falkland Is,Falk.,238,FK,Falkland Islands (the) [Malvinas],,,,Falkland Islands (Malvinas),,,,S America,Latam & Carib,Latam & Carib,Latam & Carib,,,,FKP,Pound,#N/A,#N/A
,FRO,Faroe Islands,Faroe Is,Faroe,234,FO,Faroe Islands (the),Faroe Islands,,,Faroe Islands,,,,Europe,N Europe,N Europe,Eur & C Asia,1,,,DKK,Krone,#N/A,#N/A
0,FJI,Fiji,Fiji,Fiji,242,FJ,Fiji,Fiji,Fiji,Fiji,Fiji,FJI,Fiji,Fiji,Oceania,Oceania,Oceania,SE Asia - Pac,,,,FJD,Dollar,177.9767658,-17.83380528
1,FIN,Finland,Finland,Fin.,246,FI,Finland,Finland,Finland,Finland,Finland,FIN,Finland,Finland,Europe,N Europe,N Europe,Eur & C Asia,1,1,,EUR,Euro,27.26383691,63.26416407
1,FRA,France,France,Fr.,250,FR,France,France,France,France,France,FRA,France,France,Europe,W Europe,W Europe,Eur & C Asia,1,1,,EUR,Euro,2.462090957,46.71797102
,GUF,French Guiana,Fr Guiana,Fr.Gui.,254,GF,French Guiana,,,,French Guiana,,,,S America,Latam & Carib,Latam & Carib,Latam & Carib,,,,EUR,Euro,-53.00847121,4.015566354
0,PYF,French Polynesia,Fr Polynesia,Fr.Pol.,258,PF,French Polynesia,French Polynesia,French Polynesia,French Polynesia,French Polynesia,,,,Oceania,Oceania,Oceania,SE Asia - Pac,,,1,XPF,Franc,-149.4468131,-17.64077882
,ATF,French Southern Territories,Fr S Territories,TAF,260,TF,French Southern Territories (the),,,,French Southern Territories,,,,Africa,Africa,SSA,SSA,,,,#N/A,#N/A,#N/A,#N/A
0,GAB,Gabon,Gabon,Gabon,266,GA,Gabon,Gabon,Gabon,Gabon,Gabon,GAB,Gabon,Gabon,Africa,Africa,SSA,SSA,,,,XAF,Franc,11.51486643,-0.62059179
0,GMB,Gambia,Gambia,Gam.,270,GM,Gambia (the),"Gambia, The","Gambia, The",Gambia,Gambia,GMB,The Gambia,Gambia,Africa,Africa,SSA,SSA,,,1,GMD,Dalasi,-15.3539808,13.49718496
0,GEO,Georgia,Georgia,Geo.,268,GE,Georgia,Georgia,Georgia,Georgia,Georgia,GEO,Georgia,Georgia,Asia,W Asia,W Asia,Eur & C Asia,,,,GEL,Lari,43.74997733,41.86142208
1,DEU,Germany,Germany,Ger.,276,DE,Germany,Germany,Germany,Germany,Germany,DEU,Germany,Germany,Europe,W Europe,W Europe,Eur & C Asia,1,1,,EUR,Euro,9.693974225,50.95195503
1,GHA,Ghana,Ghana,Ghana,288,GH,Ghana,Ghana,Ghana,Ghana,Ghana,GHA,Ghana,Ghana,Africa,Africa,SSA,SSA,,,,GHS,Cedi,-0.98968403,7.843576742
,GIB,Gibraltar,Gibraltar,Gibr.,292,GI,Gibraltar,Gibraltar,,,Gibraltar,,,,Europe,S Europe,S Europe,Eur & C Asia,1,,,GIP,Pound,#N/A,#N/A
1,GRC,Greece,Greece,Greece,300,GR,Greece,Greece,Greece,Greece,Greece,GRC,Greece,Greece,Europe,S Europe,S Europe,Eur & C Asia,1,1,,EUR,Euro,21.70119611,39.78712591
0,GRL,Greenland,Greenland,Green.,304,GL,Greenland,Greenland,,Greenland,Greenland,,,,N America,Northern America,Northern America,Northern America,1,,,DKK,Krone,-45.29592491,71.51326173
0,GRD,Grenada,Grenada,Gren.,308,GD,Grenada,Grenada,Grenada,Grenada,Grenada,GRD,Grenada,Grenada,N America,Latam & Carib,Latam & Carib,Latam & Carib,,,1,XCD,Dollar,-61.68438031,12.11355327
,GLP,Guadeloupe,Guadeloupe,Guade.,312,GP,Guadeloupe,,,,Guadeloupe,,,,N America,Latam & Carib,Latam & Carib,Latam & Carib,,,,EUR,Euro,-61.68825994,16.21143261
,GUM,Guam,Guam,Guam,316,GU,Guam,Guam,Guam,,Guam,,,,Oceania,Oceania,Oceania,SE Asia - Pac,,,,USD,Dollar,#N/A,#N/A
1,GTM,Guatemala,Guatemala,Guat.,320,GT,Guatemala,Guatemala,Guatemala,Guatemala,Guatemala,GTM,Guatemala,Guatemala,N America,Latam & Carib,Latam & Carib,Latam & Carib,,,,GTQ,Quetzal,-90,17
,GGY,Guernsey,Guernsey,Gue.,831,GG,Guernsey,,,,Guernsey,,,,Europe,N Europe,N Europe,Eur & C Asia,1,,,GBP,Pound,#N/A,#N/A
1,GIN,Guinea,Guinea,Gui.,324,GN,Guinea,Guinea,Guinea,Guinea,Guinea,GIN,Guinea,Guinea,Africa,Africa,SSA,SSA,,,,GNF,Franc,-9.958396983,10.62104081
0,GNB,Guinea-Bissau,Guinea-Bissau,Gui.B.,624,GW,Guinea-Bissau,Guinea-Bissau,Guinea-Bissau,Guinea-Bissau,Guinea-Bissau,GNB,Guinea-Bissau,Guinea-Bissau,Africa,Africa,SSA,SSA,,,,XOF,Franc,-14.50972871,12.16098395
0,GUY,Guyana,Guyana,Guy.,328,GY,Guyana,Guyana,Guyana,Guyana,Guyana,GUY,Guyana,Guyana,S America,Latam & Carib,Latam & Carib,Latam & Carib,,,,GYD,Dollar,-58.94045647,5.120552911
1,HTI,Haiti,Haiti,Haiti,332,HT,Haiti,Haiti,Haiti,Haiti,Haiti,HTI,Haiti,Haiti,N America,Latam & Carib,Latam & Carib,Latam & Carib,,,,HTG,Gourde,-72.29030126,19.25609434
,HMD,Heard Island and McDonald Islands,Heard & McDonald Is,Heard,334,HM,Heard Island and McDonald Islands,,,,Heard Island and McDonald Islands,,,,Oceania,Oceania,Oceania,SE Asia - Pac,1,,,#N/A,#N/A,#N/A,#N/A
,VAT,Holy See,Holy See,Vat.,336,VA,Holy See (the),,,,Holy See,,,,Europe,S Europe,S Europe,Eur & C Asia,1,,,EUR,Euro,#N/A,#N/A
1,HND,Honduras,Honduras,Hond.,340,HN,Honduras,Honduras,Honduras,Honduras,Honduras,HND,Honduras,Honduras,N America,Latam & Carib,Latam & Carib,Latam & Carib,,,,HNL,Lempira,-86.92280124,14.76403644
1,HKG,Hong Kong,Hong Kong,HK,344,HK,Hong Kong,"Hong Kong SAR, China","Hong Kong SAR, China","China, Hong Kong SAR","China, Hong Kong Special Administrative Region",HKG,Hong Kong SAR,Hong Kong,Asia,E Asia,E Asia,E Asia,,,1,HKD,Dollar,114.1151945,22.44352801
1,HUN,Hungary,Hungary,Hun.,348,HU,Hungary,Hungary,Hungary,Hungary,Hungary,HUN,Hungary,Hungary,Europe,E Europe,E Europe,Eur & C Asia,1,1,,HUF,Forint,19.74793762,46.7
0,ISL,Iceland,Iceland,Ice.,352,IS,Iceland,Iceland,Iceland,Iceland,Iceland,ISL,Iceland,Iceland,Europe,N Europe,N Europe,Eur & C Asia,1,,,ISK,Krona,-18.66013271,64.74113407
1,IND,India,India,India,356,IN,India,India,India,India,India,IND,India,India,Asia,S Asia,S Asia,S Asia,,,,INR,Rupee,79.36229044,22.65172372
1,IDN,Indonesia,Indonesia,Indo.,360,ID,Indonesia,Indonesia,Indonesia,Indonesia,Indonesia,IDN,Indonesia,Indonesia,Asia,SE Asia,SE Asia,SE Asia - Pac,,,,IDR,Rupiah,101.5234586,-0.230802086
1,IRN,Iran,Iran,Iran,364,IR,Iran (Islamic Republic of),"Iran, Islamic Rep.","Iran, Islamic Rep.","Iran, Islamic Republic of",Iran (Islamic Republic of),IRN,Islamic Republic of Iran,Iran,Asia,S Asia,S Asia,MENA,,,,IRR,Rial,55.24922008,31.92241842
1,IRQ,Iraq,Iraq,Iraq,368,IQ,Iraq,Iraq,Iraq,Iraq,Iraq,IRQ,Iraq,Iraq,Asia,W Asia,W Asia,MENA,,,,IQD,Dinar,43.34894047,32.79027213
1,IRL,Ireland,Ireland,Ire.,372,IE,Ireland,Ireland,Ireland,Ireland,Ireland,IRL,Ireland,Ireland,Europe,N Europe,N Europe,Eur & C Asia,1,1,,EUR,Euro,-7.990085775,53.30811254
,IMN,Isle of Man,Man,Man,833,IM,Isle of Man,Isle of Man,,,Isle of Man,,,,Europe,N Europe,N Europe,Eur & C Asia,1,,,GBP,Pound,#N/A,#N/A
1,ISR,Israel,Israel,Isr.,376,IL,Israel,Israel,Israel,Israel,Israel,ISR,Israel,Israel,Asia,W Asia,W Asia,MENA,1,,,ILS,Shekel,34.87722052,30.89831336
1,ITA,Italy,Italy,Italy,380,IT,Italy,Italy,Italy,Italy,Italy,ITA,Italy,Italy,Europe,S Europe,S Europe,Eur & C Asia,1,1,,EUR,Euro,11.58665469,43.59385691
0,JAM,Jamaica,Jamaica,Jam.,388,JM,Jamaica,Jamaica,Jamaica,Jamaica,Jamaica,JAM,Jamaica,Jamaica,N America,Latam & Carib,Latam & Carib,Latam & Carib,,,,JMD,Dollar,-77.30872234,18.13954612
1,JPN,Japan,Japan,Japan,392,JP,Japan,Japan,Japan,Japan,Japan,JPN,Japan,Japan,Asia,E Asia,E Asia,E Asia,1,,,JPY,Yen,138.4529999,36.16113158
,JEY,Jersey,Jersey,Jer.,832,JE,Jersey,,,,Jersey,,,,Europe,N Europe,N Europe,Eur & C Asia,1,,,GBP,Pound,#N/A,#N/A
1,JOR,Jordan,Jordan,Jord.,400,JO,Jordan,Jordan,Jordan,Jordan,Jordan,JOR,Jordan,Jordan,Asia,W Asia,W Asia,MENA,,,,JOD,Dinar,36.39265725,30.80750648
1,KAZ,Kazakhstan,Kazakhstan,Kaz.,398,KZ,Kazakhstan,Kazakhstan,Kazakhstan,Kazakhstan,Kazakhstan,KAZ,Kazakhstan,Kazakhstan,Asia,C Asia,C Asia,Eur & C Asia,,,,KZT,Tenge,69.27576734,48.39721491
1,KEN,Kenya,Kenya,Ken.,404,KE,Kenya,Kenya,Kenya,Kenya,Kenya,KEN,Kenya,Kenya,Africa,Africa,SSA,SSA,,,,KES,Shilling,37.92660982,0.533730208
0,KIR,Kiribati,Kiribati,Kiri.,296,KI,Kiribati,Kiribati,Kiribati,Kiribati,Kiribati,KIR,Kiribati,,Oceania,Oceania,Oceania,SE Asia - Pac,,,1,AUD,Dollar,174.4569488,-0.733226976
9,PRK,"Korea, DPR","Korea, DPR",DPRK,408,KP,Korea (the Democratic People's Republic of),"Korea, Dem. People’s Rep.",,Democratic People's Republic of Korea,Democratic People's Republic of Korea,,,,Asia,E Asia,E Asia,E Asia,,,,KPW,Won,126.415,39.89139247
1,KOR,"Korea, Rep.",S Korea,Kor.,410,KR,Korea (the Republic of),"Korea, Rep.","Korea, Rep.",Republic of Korea,Republic of Korea,KOR,Korea,Korea,Asia,E Asia,E Asia,E Asia,,,,KRW,Won,128.1126971,36.45824291
0,XKX,Kosovo,Kosovo,Kos.,412,XK,Kosovo,Kosovo,Kosovo,Kosovo,,UVK,Kosovo,,Europe,E Europe,E Europe,Eur & C Asia,,,,EUR,Euro,20.8901673,42.6125925
1,KWT,Kuwait,Kuwait,Kwt.,414,KW,Kuwait,Kuwait,Kuwait,Kuwait,Kuwait,KWT,Kuwait,Kuwait,Asia,W Asia,W Asia,MENA,,,,KWD,Dinar,47.33022535,29.45934126
1,KGZ,Kyrgyzstan,Kyrgyzstan,Kyrg.,417,KG,Kyrgyzstan,Kyrgyz Republic,Kyrgyzstan,Kyrgyzstan,Kyrgyzstan,KGZ,Kyrgyz Republic,Kyrgyzstan,Asia,C Asia,C Asia,Eur & C Asia,,,,KGS,Som,74.56156701,41.69220806
1,LAO,Laos,Laos,Laos,418,LA,Lao People's Democratic Republic (the),Lao PDR,Lao PDR,Lao People's Democratic Republic,Lao People's Democratic Republic,LAO,Lao P.D.R.,Laos,Asia,SE Asia,SE Asia,SE Asia - Pac,,,,LAK,Kip,102.5720504,19.6223877
1,LVA,Latvia,Latvia,Lat.,428,LV,Latvia,Latvia,Latvia,Latvia,Latvia,LVA,Latvia,Latvia,Europe,N Europe,N Europe,Eur & C Asia,1,1,,EUR,Euro,25.48067195,57.07251747
9,LBN,Lebanon,Lebanon,Leb.,422,LB,Lebanon,Lebanon,Lebanon,Lebanon,Lebanon,LBN,Lebanon,Lebanon,Asia,W Asia,W Asia,MENA,,,,LBP,Pound,36.00726472,34.13431201
0,LSO,Lesotho,Lesotho,Les.,426,LS,Lesotho,Lesotho,Lesotho,Lesotho,Lesotho,LSO,Lesotho,Lesotho,Africa,Africa,SSA,SSA,,,,LSL,Loti,28.32973616,-29.46985986
0,LBR,Liberia,Liberia,Libe.,430,LR,Liberia,Liberia,Liberia,Liberia,Liberia,LBR,Liberia,Liberia,Africa,Africa,SSA,SSA,,,,LRD,Dollar,-9.44595657,6.435353457
9,LBY,Libya,Libya,Libya,434,LY,Libya,Libya,Libya,Libya,Libya,LBY,Libya,Libya,Africa,Africa,N Africa,MENA,,,,LYD,Dinar,18.178998,26.60765024
0,LIE,Liechtenstein,Liechtenstein,Lie.,438,LI,Liechtenstein,Liechtenstein,,Liechtenstein,Liechtenstein,,,,Europe,W Europe,W Europe,Eur & C Asia,1,,1,CHF,Franc,9.55916667,47.12936762
1,LTU,Lithuania,Lithuania,Lith.,440,LT,Lithuania,Lithuania,Lithuania,Lithuania,Lithuania,LTU,Lithuania,Lithuania,Europe,N Europe,N Europe,Eur & C Asia,1,1,,EUR,Euro,24.14874882,55.10502337
1,LUX,Luxembourg,Luxembourg,Lux.,442,LU,Luxembourg,Luxembourg,Luxembourg,Luxembourg,Luxembourg,LUX,Luxembourg,Luxembourg,Europe,W Europe,W Europe,Eur & C Asia,1,1,1,EUR,Euro,6.087971329,49.76054831
0,MAC,Macao,Macao,Macao,446,MO,Macao,"Macao SAR, China","Macao SAR, China","China, Macao Special Administrative Region","China, Macao Special Administrative Region",MAC,Macao SAR,Macau,Asia,E Asia,E Asia,E Asia,,,1,MOP,Pataca,113.5625498,22.14834353
1,MDG,Madagascar,Madagascar,Mada.,450,MG,Madagascar,Madagascar,Madagascar,Madagascar,Madagascar,MDG,Madagascar,Madagascar,Africa,Africa,SSA,SSA,,,,MGA,Ariary,46.69541845,-18.2902939
1,MWI,Malawi,Malawi,Ma'wi,454,MW,Malawi,Malawi,Malawi,Malawi,Malawi,MWI,Malawi,Malawi,Africa,Africa,SSA,SSA,,,,MWK,Kwacha,33.62052608,-13.16608888
1,MYS,Malaysia,Malaysia,Malay.,458,MY,Malaysia,Malaysia,Malaysia,Malaysia,Malaysia,MYS,Malaysia,Malaysia,Asia,SE Asia,SE Asia,SE Asia - Pac,,,,MYR,Ringgit,114.0035398,2.789930094
0,MDV,Maldives,Maldives,Mald.,462,MV,Maldives,Maldives,Maldives,Maldives,Maldives,MDV,Maldives,Maldives,Asia,S Asia,S Asia,S Asia,,,1,MVR,Rufiyaa,73.54184168,1.917336962
1,MLI,Mali,Mali,Mali,466,ML,Mali,Mali,Mali,Mali,Mali,MLI,Mali,Mali,Africa,Africa,SSA,SSA,,,,XOF,Franc,-2.035288503,18.71591671
1,MLT,Malta,Malta,Malta,470,MT,Malta,Malta,Malta,Malta,Malta,MLT,Malta,Malta,Europe,S Europe,S Europe,Eur & C Asia,1,1,1,EUR,Euro,14.44040388,35.88994124
0,MHL,Marshall Islands,Marshall Is,Mar.Is.,584,MH,Marshall Islands (the),Marshall Islands,Marshall Islands,Marshall Islands,Marshall Islands,MHL,Marshall Islands,,Oceania,Oceania,Oceania,SE Asia - Pac,,,1,USD,Dollar,171.2251557,7.055912072
,MTQ,Martinique,Martinique,Mart.,474,MQ,Martinique,,,,Martinique,,,,N America,Latam & Carib,Latam & Carib,Latam & Carib,,,,EUR,Euro,-61.06649329,14.71068806
0,MRT,Mauritania,Mauritania,Mau'ia,478,MR,Mauritania,Mauritania,Mauritania,Mauritania,Mauritania,MRT,Mauritania,Mauritania,Africa,Africa,SSA,SSA,,,,MRU,Ouguiya,-9.731730891,19.59112821
0,MUS,Mauritius,Mauritius,Mau'us,480,MU,Mauritius,Mauritius,Mauritius,Mauritius,Mauritius,MUS,Mauritius,Mauritius,Africa,Africa,SSA,SSA,,,1,MUR,Rupee,57.54770315,-20.3202993
,MYT,Mayotte,Mayotte,Mayo.,175,YT,Mayotte,,,,Mayotte,,,,Africa,Africa,SSA,SSA,,,,EUR,Euro,45.15486815,-12.78858812
1,MEX,Mexico,Mexico,Mex.,484,MX,Mexico,Mexico,Mexico,Mexico,Mexico,MEX,Mexico,Mexico,N America,Latam & Carib,Latam & Carib,Latam & Carib,,,,MXN,Peso,-102.3117303,24.59655961
0,FSM,Micronesia,Micronesia,Micro.,583,FM,Micronesia (Federated States of),"Micronesia, Fed. Sts.","Micronesia, Federated States of",Micronesia (Federated States of),Micronesia (Federated States of),FSM,Micronesia,,Oceania,Oceania,Oceania,SE Asia - Pac,,,1,USD,Dollar,158.2259009,6.880965406
0,MDA,Moldova,Moldova,Mol.,498,MD,Moldova (the Republic of),Moldova,Moldova,Republic of Moldova,Republic of Moldova,MDA,Moldova,Moldova,Europe,E Europe,E Europe,Eur & C Asia,1,,,MDL,Leu,28.64087161,47.20230377
0,MCO,Monaco,Monaco,Mona.,492,MC,Monaco,Monaco,,Monaco,Monaco,,,,Europe,W Europe,W Europe,Eur & C Asia,1,,1,EUR,Euro,7.421991193,43.73585771
0,MNG,Mongolia,Mongolia,Mong.,496,MN,Mongolia,Mongolia,Mongolia,Mongolia,Mongolia,MNG,Mongolia,Mongolia,Asia,E Asia,E Asia,E Asia,,,,MNT,Tughrik,104.1606358,46.00278178
0,MNE,Montenegro,Montenegro,Monte.,499,ME,Montenegro,Montenegro,Montenegro,Montenegro,Montenegro,MNE,Montenegro,,Europe,S Europe,S Europe,Eur & C Asia,1,,,EUR,Euro,19.2384602,42.84157392
0,MSR,Montserrat,Montserrat,Monts.,500,MS,Montserrat,,Montserrat,Montserrat,Montserrat,,,,N America,Latam & Carib,Latam & Carib,Latam & Carib,,,1,XCD,Dollar,-62.19195231,16.73847515
1,MAR,Morocco,Morocco,Mor.,504,MA,Morocco,Morocco,Morocco,Morocco,Morocco,MAR,Morocco,Morocco,Africa,Africa,N Africa,MENA,,,,MAD,Dirham,-5.767448139,32.12837656
1,MOZ,Mozambique,Mozambique,Moz.,508,MZ,Mozambique,Mozambique,Mozambique,Mozambique,Mozambique,MOZ,Mozambique,Mozambique,Africa,Africa,SSA,SSA,,,,MZN,Metical,37.84466081,-13.89468156
1,MMR,Myanmar,Myanmar,Myan.,104,MM,Myanmar,Myanmar,Myanmar,Myanmar,Myanmar,MMR,Myanmar,Myanmar,Asia,SE Asia,SE Asia,SE Asia - Pac,,,,MMK,Kyat,96.07789669,20.3
0,NAM,Namibia,Namibia,Nam.,516,NA,Namibia,Namibia,Namibia,Namibia,Namibia,NAM,Namibia,Namibia,Africa,Africa,SSA,SSA,,,,NAD,Dollar,17.12278955,-20.58415341
0,NRU,Nauru,Nauru,Nauru,520,NR,Nauru,Nauru,Nauru,Nauru,Nauru,NRU,Nauru,,Oceania,Oceania,Oceania,SE Asia - Pac,,,1,AUD,Dollar,166.9372536,-0.529983278
1,NPL,Nepal,Nepal,Nepal,524,NP,Nepal,Nepal,Nepal,Nepal,Nepal,NPL,Nepal,Nepal,Asia,S Asia,S Asia,S Asia,,,,NPR,Rupee,83.60678983,28.32647371
1,NLD,Netherlands,Netherlands,Neth.,528,NL,Netherlands (the),Netherlands,Netherlands,Netherlands,Netherlands,NLD,Netherlands,Netherlands,Europe,W Europe,W Europe,Eur & C Asia,1,1,,EUR,Euro,6.4,53
0,NCL,New Caledonia,New Caledonia,N.Cal.,540,NC,New Caledonia,New Caledonia,New Caledonia,New Caledonia,New Caledonia,,,,Oceania,Oceania,Oceania,SE Asia - Pac,,,,XPF,Franc,165.4896607,-21.40521936
1,NZL,New Zealand,New Zealand,NZ,554,NZ,New Zealand,New Zealand,New Zealand,New Zealand,New Zealand,NZL,New Zealand,New Zealand,Oceania,Oceania,Oceania,SE Asia - Pac,1,,,NZD,Dollar,169.2295302,-45.17956405
1,NIC,Nicaragua,Nicaragua,Nic.,558,NI,Nicaragua,Nicaragua,Nicaragua,Nicaragua,Nicaragua,NIC,Nicaragua,Nicaragua,N America,Latam & Carib,Latam & Carib,Latam & Carib,,,,NIO,Cordoba,-85.03715164,12.79196601
1,NER,Niger,Niger,Niger,562,NE,Niger (the),Niger,Niger,Niger,Niger,NER,Niger,Niger,Africa,Africa,SSA,SSA,,,,XOF,Franc,9.523181475,17.45558845
1,NGA,Nigeria,Nigeria,Nga.,566,NG,Nigeria,Nigeria,Nigeria,Nigeria,Nigeria,NGA,Nigeria,Nigeria,Africa,Africa,SSA,SSA,,,,NGN,Naira,7.521294954,9.408229631
,NIU,Niue,Niue,Niue,570,NU,Niue,,Niue,,Niue,,,,Oceania,Oceania,Oceania,SE Asia - Pac,,,,NZD,Dollar,#N/A,#N/A
,NFK,Norfolk Island,Norfolk Is,Norf.,574,NF,Norfolk Island,,,,Norfolk Island,,,,Oceania,Oceania,Oceania,SE Asia - Pac,1,,,AUD,Dollar,#N/A,#N/A
0,MKD,North Macedonia,N Macedonia,Mace.,807,MK,North Macedonia,North Macedonia,North Macedonia,Republic of North Macedonia,North Macedonia,MKD,North Macedonia,Macedonia,Europe,S Europe,S Europe,Eur & C Asia,1,,,MKD,Denar,21.56414441,41.56217487
,MNP,Northern Mariana Islands,N Mariana Is,N.Mar.,580,MP,Northern Mariana Islands (the),Northern Mariana Islands,Northern Mariana Islands,,Northern Mariana Islands,,,,Oceania,Oceania,Oceania,SE Asia - Pac,,,,USD,Dollar,#N/A,#N/A
1,NOR,Norway,Norway,Nor.,578,NO,Norway,Norway,Norway,Norway,Norway,NOR,Norway,Norway,Europe,N Europe,N Europe,Eur & C Asia,1,,,NOK,Krone,9.656744477,61.29890789
1,OMN,Oman,Oman,Oman,512,OM,Oman,Oman,Oman,Oman,Oman,OMN,Oman,Oman,Asia,W Asia,W Asia,MENA,,,,OMR,Rial,57.3881467,22.10944418
1,PAK,Pakistan,Pakistan,Pak.,586,PK,Pakistan,Pakistan,Pakistan,Pakistan,Pakistan,PAK,Pakistan,Pakistan,Asia,S Asia,S Asia,S Asia,,,,PKR,Rupee,68.57672294,29.38372565
0,PLW,Palau,Palau,Palau,585,PW,Palau,Palau,Palau,Palau,Palau,PLW,Palau,,Oceania,Oceania,Oceania,SE Asia - Pac,,,1,USD,Dollar,134.5741035,7.501585445
9,PSE,Palestine,Palestine,Pale.,275,PS,"Palestine, State of",West Bank and Gaza,West Bank and Gaza,State of Palestine,State of Palestine,WBG,West Bank and Gaza,,Asia,W Asia,W Asia,MENA,,,1,USD,Dollar,35.2642296,32.05833599
1,PAN,Panama,Panama,Pan.,591,PA,Panama,Panama,Panama,Panama,Panama,PAN,Panama,Panama,N America,Latam & Carib,Latam & Carib,Latam & Carib,,,,PAB,Balboa,-81.1,8.4
1,PNG,Papua New Guinea,Papua New Guinea,PNG,598,PG,Papua New Guinea,Papua New Guinea,Papua New Guinea,Papua New Guinea,Papua New Guinea,PNG,Papua New Guinea,Papua New Guinea,Oceania,Oceania,Oceania,SE Asia - Pac,,,,PGK,Kina,143.3430666,-5.615240818
1,PRY,Paraguay,Paraguay,Para.,600,PY,Paraguay,Paraguay,Paraguay,Paraguay,Paraguay,PRY,Paraguay,Paraguay,S America,Latam & Carib,Latam & Carib,Latam & Carib,,,,PYG,Guarani,-60.13846794,-21.67735715
1,PER,Peru,Peru,Peru,604,PE,Peru,Peru,Peru,Peru,Peru,PER,Peru,Peru,S America,Latam & Carib,Latam & Carib,Latam & Carib,,,,PEN,Sol,-76.6,-6.5
1,PHL,Philippines,Philippines,Phil.,608,PH,Philippines (the),Philippines,Philippines,Philippines,Philippines,PHL,Philippines,Philippines,Asia,SE Asia,SE Asia,SE Asia - Pac,,,,PHP,Peso,121.3855374,16.91811171
,PCN,Pitcairn,Pitcairn,Pitc.,612,PN,Pitcairn,,,,Pitcairn,,,,Oceania,Oceania,Oceania,SE Asia - Pac,,,,NZD,Dollar,#N/A,#N/A
1,POL,Poland,Poland,Pol.,616,PL,Poland,Poland,Poland,Poland,Poland,POL,Poland,Poland,Europe,E Europe,E Europe,Eur & C Asia,1,1,,PLN,Zloty,19.49061135,52.6
1,PRT,Portugal,Portugal,Port.,620,PT,Portugal,Portugal,Portugal,Portugal,Portugal,PRT,Portugal,Portugal,Europe,S Europe,S Europe,Eur & C Asia,1,1,,EUR,Euro,-8.265885829,39.29732098
1,PRI,Puerto Rico,Puerto Rico,PR,630,PR,Puerto Rico,Puerto Rico,Puerto Rico,Puerto Rico,Puerto Rico,PRI,Puerto Rico,Puerto Rico,N America,Latam & Carib,Latam & Carib,Latam & Carib,,,1,USD,Dollar,-66.5,18.22939216
1,QAT,Qatar,Qatar,Qatar,634,QA,Qatar,Qatar,Qatar,Qatar,Qatar,QAT,Qatar,Qatar,Asia,W Asia,W Asia,MENA,,,,QAR,Riyal,51.14769279,25.22082231
,REU,Reunion,Reunion,Reun.,638,RE,Réunion,,,,Réunion,,,,Africa,Africa,SSA,SSA,,,,EUR,Euro,55.52603476,-21.12685654
1,ROU,Romania,Romania,Rom.,642,RO,Romania,Romania,Romania,Romania,Romania,ROU,Romania,Romania,Europe,E Europe,E Europe,Eur & C Asia,1,1,,RON,Leu,24.98606886,45.72975894
1,RUS,Russia,Russia,Rus.,643,RU,Russian Federation (the),Russian Federation,Russian Federation,Russian Federation,Russian Federation,RUS,Russia,Russia,Europe,E Europe,E Europe,Eur & C Asia,1,,,RUB,Ruble,94.1611717,63.27424573
1,RWA,Rwanda,Rwanda,Rwa.,646,RW,Rwanda,Rwanda,Rwanda,Rwanda,Rwanda,RWA,Rwanda,Rwanda,Africa,Africa,SSA,SSA,,,,RWF,Franc,29.553,-2.096
,BLM,Saint Barthelemy,St Barthelemy,S.Bar.,652,BL,Saint Barthélemy,,,,Saint Barthélemy,,,,N America,Latam & Carib,Latam & Carib,Latam & Carib,,,,EUR,Euro,#N/A,#N/A
,SHN,"Saint Helena, Ascension and Tristan da Cunha",St Helena,S.Hel,654,SH,"Saint Helena, Ascension and Tristan da Cunha",,,,Saint Helena,,,,Africa,Africa,SSA,SSA,,,,GBP,Pound,#N/A,#N/A
0,KNA,Saint Kitts and Nevis,St Kitts & Nevis,S.Kit.,659,KN,Saint Kitts and Nevis,St. Kitts and Nevis,St. Kitts and Nevis,Saint Kitts and Nevis,Saint Kitts and Nevis,KNA,St. Kitts and Nevis,St. Kitts Nevis,N America,Latam & Carib,Latam & Carib,Latam & Carib,,,1,XCD,Dollar,-62.77535755,17.34942958
0,LCA,Saint Lucia,St Lucia,S.Luc.,662,LC,Saint Lucia,St. Lucia,St. Lucia,Saint Lucia,Saint Lucia,LCA,St. Lucia,St. Lucia,N America,Latam & Carib,Latam & Carib,Latam & Carib,,,1,XCD,Dollar,-60.9755791,13.8945849
,MAF,Saint Martin,St Martin,S.Mart.,663,MF,Saint Martin (French part),St. Martin (French part),,,Saint Martin (French Part),,,,N America,Latam & Carib,Latam & Carib,Latam & Carib,,,,EUR,Euro,#N/A,#N/A
,SPM,Saint Pierre and Miquelon,St Pierre & Miquelon,S.Pie.,666,PM,Saint Pierre and Miquelon,,,,Saint Pierre and Miquelon,,,,N America,Northern America,Northern America,Northern America,1,,,EUR,Euro,#N/A,#N/A
0,VCT,Saint Vincent and the Grenadines,St Vincent,S.Vin.,670,VC,Saint Vincent and the Grenadines,St. Vincent and the Grenadines,St. Vincent and the Grenadines,Saint Vincent and the Grenadines,Saint Vincent and the Grenadines,VCT,St. Vincent and the Grenadines,St. Vincent Grenadines,N America,Latam & Carib,Latam & Carib,Latam & Carib,,,1,XCD,Dollar,-61.18967867,13.2414001
0,WSM,Samoa,Samoa,Samoa,882,WS,Samoa,Samoa,Samoa,Samoa,Samoa,WSM,Samoa,Samoa,Oceania,Oceania,Oceania,SE Asia - Pac,,,1,WST,Tala,-172.4505903,-13.62737295
0,SMR,San Marino,San Marino,S.Mari.,674,SM,San Marino,San Marino,San Marino,San Marino,San Marino,SMR,San Marino,,Europe,S Europe,S Europe,Eur & C Asia,1,,1,EUR,Euro,12.46072799,43.93470164
0,STP,Sao Tome and Principe,Sao Tome,S.Tome,678,ST,Sao Tome and Principe,Sao Tome and Principe,São Tomé and Principe,Sao Tome and Principe,Sao Tome and Principe,STP,São Tomé and Príncipe,São Tomé and Principe,Africa,Africa,SSA,SSA,,,1,STN,Dobra,6.591750528,0.246383562
1,SAU,Saudi Arabia,Saudi Arabia,Saudi,682,SA,Saudi Arabia,Saudi Arabia,Saudi Arabia,Saudi Arabia,Saudi Arabia,SAU,Saudi Arabia,Saudi Arabia,Asia,W Asia,W Asia,MENA,,,,SAR,Riyal,44.71989406,23.79983736
1,SEN,Senegal,Senegal,Sen.,686,SN,Senegal,Senegal,Senegal,Senegal,Senegal,SEN,Senegal,Senegal,Africa,Africa,SSA,SSA,,,,XOF,Franc,-14.7781844,15.15123053
1,SRB,Serbia,Serbia,Serb.,688,RS,Serbia,Serbia,Serbia,Serbia,Serbia,SRB,Serbia,Serbia,Europe,S Europe,S Europe,Eur & C Asia,1,,,RSD,Dinar,20.57669739,44.25424043
0,SYC,Seychelles,Seychelles,Sey.,690,SC,Seychelles,Seychelles,Seychelles,Seychelles,Seychelles,SYC,Seychelles,Seychelles,Africa,Africa,SSA,SSA,,,1,SCR,Rupee,55.49081597,-4.685130979
1,SLE,Sierra Leone,Sierra Leone,S.Leo.,694,SL,Sierra Leone,Sierra Leone,Sierra Leone,Sierra Leone,Sierra Leone,SLE,Sierra Leone,Sierra Leone,Africa,Africa,SSA,SSA,,,,SLL,Leone,-11.80320621,8.558369869
1,SGP,Singapore,Singapore,Sing.,702,SG,Singapore,Singapore,Singapore,Singapore,Singapore,SGP,Singapore,Singapore,Asia,SE Asia,SE Asia,SE Asia - Pac,,,1,SGD,Dollar,103.8123973,1.335873283
0,SXM,Sint Maarten,St Maarten,S.Maar.,534,SX,Sint Maarten (Dutch part),Sint Maarten (Dutch part),Sint Maarten,Sint Maarten (Dutch part),Sint Maarten (Dutch part),,,,N America,Latam & Carib,Latam & Carib,Latam & Carib,,,1,ANG,Guilder,-63.06424235,18.03583407
1,SVK,Slovakia,Slovakia,Slova.,703,SK,Slovakia,Slovak Republic,Slovakia,Slovakia,Slovakia,SVK,Slovak Republic,Slovakia,Europe,E Europe,E Europe,Eur & C Asia,1,1,,EUR,Euro,19.04787797,48.73396587
1,SVN,Slovenia,Slovenia,Slove.,705,SI,Slovenia,Slovenia,Slovenia,Slovenia,Slovenia,SVN,Slovenia,Slovenia,Europe,S Europe,S Europe,Eur & C Asia,1,1,,EUR,Euro,14.92567903,46.07014749
0,SLB,Solomon Islands,Solomon Is,Sol.Is.,90,SB,Solomon Islands,Solomon Islands,Solomon Islands,Solomon Islands,Solomon Islands,SLB,Solomon Islands,Solomon Islands,Oceania,Oceania,Oceania,SE Asia - Pac,,,,SBD,Dollar,159.3716585,-8.130225986
9,SOM,Somalia,Somalia,Som.,706,SO,Somalia,Somalia,Somalia,Somalia,Somalia,SOM,Somalia,,Africa,Africa,SSA,SSA,,,,SOS,Shilling,43.62145913,2.809625496
1,ZAF,South Africa,S Africa,SA,710,ZA,South Africa,South Africa,South Africa,South Africa,South Africa,ZAF,South Africa,South Africa,Africa,Africa,SSA,SSA,,,,ZAR,Rand,23.22754009,-30.0450866
,SGS,South Georgia and the South Sandwich Islands,SGSSI,SGSSI,239,GS,South Georgia and the South Sandwich Islands,,,,South Georgia and the South Sandwich Islands,,,,S America,Latam & Carib,Latam & Carib,Latam & Carib,,,,#N/A,#N/A,#N/A,#N/A
9,SSD,South Sudan,S Sudan,S.Sud.,728,SS,South Sudan,South Sudan,South Sudan,South Sudan,South Sudan,SSD,South Sudan,,Africa,Africa,SSA,SSA,,,,SSD,Pound,30.41139187,7.216748026
1,ESP,Spain,Spain,Sp.,724,ES,Spain,Spain,Spain,Spain,Spain,ESP,Spain,Spain,Europe,S Europe,S Europe,Eur & C Asia,1,1,,EUR,Euro,-3.455018414,38.9
1,LKA,Sri Lanka,Sri Lanka,S.Lan.,144,LK,Sri Lanka,Sri Lanka,Sri Lanka,Sri Lanka,Sri Lanka,LKA,Sri Lanka,Sri Lanka,Asia,S Asia,S Asia,S Asia,,,,LKR,Rupee,80.68185462,7.577967425
1,SDN,Sudan,Sudan,Sudan,729,SD,Sudan (the),Sudan,Sudan,Sudan,Sudan,SDN,Sudan,Sudan,Africa,Africa,N Africa,MENA,,,,SDG,Pound,29.80109407,16.57501819
0,SUR,Suriname,Suriname,Sur.,740,SR,Suriname,Suriname,Suriname,Suriname,Suriname,SUR,Suriname,Suriname,S America,Latam & Carib,Latam & Carib,Latam & Carib,,,,SRD,Dollar,-55.95476706,4.165337778
,SJM,Svalbard and Jan Mayen,Svalbard,Sval.,744,SJ,Svalbard and Jan Mayen,,,,Svalbard and Jan Mayen Islands,,,,Europe,N Europe,N Europe,Eur & C Asia,1,,,NOK,Krone,#N/A,#N/A
1,SWE,Sweden,Sweden,Swe.,752,SE,Sweden,Sweden,Sweden,Sweden,Sweden,SWE,Sweden,Sweden,Europe,N Europe,N Europe,Eur & C Asia,1,1,,SEK,Krona,14.75,61.65
1,CHE,Switzerland,Switzerland,Swi.,756,CH,Switzerland,Switzerland,Switzerland,Switzerland,Switzerland,CHE,Switzerland,Switzerland,Europe,W Europe,W Europe,Eur & C Asia,1,,,CHF,Franc,7.509977554,46.73417032
9,SYR,Syria,Syria,Syria,760,SY,Syrian Arab Republic (the),Syrian Arab Republic,Syrian Arab Republic,Syrian Arab Republic,Syrian Arab Republic,SYR,Syria,Syria,Asia,W Asia,W Asia,MENA,,,,SYP,Pound,38.29897861,35.00606767
1,TWN,Taiwan,Taiwan,Tai.,158,TW,Taiwan (Province of China),"Taiwan, China","Taiwan, China",,,TWN,Taiwan Province of China,Taiwan,Asia,E Asia,E Asia,E Asia,,,,TWD,New Dollar,120.8771507,23.63559318
1,TJK,Tajikistan,Tajikistan,Taj.,762,TJ,Tajikistan,Tajikistan,Tajikistan,Tajikistan,Tajikistan,TJK,Tajikistan,Tajikistan,Asia,C Asia,C Asia,Eur & C Asia,,,,TJS,Somoni,72.59285067,38.20059285
1,TZA,Tanzania,Tanzania,Tza.,834,TZ,"Tanzania, the United Republic of",Tanzania,Tanzania,,United Republic of Tanzania,TZA,Tanzania,Tanzania,Africa,Africa,SSA,SSA,,,,TZS,Shilling,34.88138498,-5.940529658
1,THA,Thailand,Thailand,Thai.,764,TH,Thailand,Thailand,Thailand,Thailand,Thailand,THA,Thailand,Thailand,Asia,SE Asia,SE Asia,SE Asia - Pac,,,,THB,Baht,101.0266237,15.48546596
0,TLS,Timor-Leste,Timor-Leste,Timor,626,TL,Timor-Leste,Timor-Leste,Timor-Leste,Timor-Leste,Timor-Leste,TLS,Timor-Leste,,Asia,SE Asia,SE Asia,SE Asia - Pac,,,,USD,Dollar,125.8656902,-8.800994512
1,TGO,Togo,Togo,Togo,768,TG,Togo,Togo,Togo,Togo,Togo,TGO,Togo,Togo,Africa,Africa,SSA,SSA,,,,XOF,Franc,1.071869341,8.843704903
,TKL,Tokelau,Tokelau,Tok.,772,TK,Tokelau,,Tokelau,,Tokelau,,,,Oceania,Oceania,Oceania,SE Asia - Pac,,,,NZD,Dollar,#N/A,#N/A
0,TON,Tonga,Tonga,Tonga,776,TO,Tonga,Tonga,Tonga,Tonga,Tonga,TON,Tonga,Tonga,Oceania,Oceania,Oceania,SE Asia - Pac,,,1,TOP,Pa'anga,-175.1405074,-21.23095091
0,TTO,Trinidad and Tobago,Trinidad,Trin.,780,TT,Trinidad and Tobago,Trinidad and Tobago,Trinidad and Tobago,Trinidad and Tobago,Trinidad and Tobago,TTO,Trinidad and Tobago,Trinidad and Tobago,N America,Latam & Carib,Latam & Carib,Latam & Carib,,,1,TTD,Dollar,-61.26223468,10.43944325
1,TUN,Tunisia,Tunisia,Tun.,788,TN,Tunisia,Tunisia,Tunisia,Tunisia,Tunisia,TUN,Tunisia,Tunisia,Africa,Africa,N Africa,MENA,,,,TND,Dinar,9.034240198,33.69653415
1,TUR,Turkey,Turkey,Tur.,792,TR,Turkey,Turkey,Turkey,Turkey,Turkey,TUR,Turkey,Turkey,Asia,W Asia,W Asia,Eur & C Asia,,,,TRY,Lira,34.51550491,39.35265848
1,TKM,Turkmenistan,Turkmenistan,Turkm.,795,TM,Turkmenistan,Turkmenistan,Turkmenistan,Turkmenistan,Turkmenistan,TKM,Turkmenistan,Turkmenistan,Asia,C Asia,C Asia,Eur & C Asia,,,,TMT,Manat,59.07447292,39.73164095
0,TCA,Turks and Caicos Islands,Turks & Caicos Is,Turks,796,TC,Turks and Caicos Islands (the),Turks and Caicos Islands,Turks and Caicos Islands,Turks and Caicos Islands,Turks and Caicos Islands,,,,N America,Latam & Carib,Latam & Carib,Latam & Carib,,,1,USD,Dollar,-71.72274179,21.77573466
0,TUV,Tuvalu,Tuvalu,Tuv.,798,TV,Tuvalu,Tuvalu,Tuvalu,Tuvalu,Tuvalu,TUV,Tuvalu,,Oceania,Oceania,Oceania,SE Asia - Pac,,,1,TVD,Dollar,178.3838215,-8.047511013
,VIR,U.S. Virgin Islands,US Virgin Is,USVI,850,VI,Virgin Islands (U.S.),Virgin Islands (U.S.),,,United States Virgin Islands,,,,N America,Latam & Carib,Latam & Carib,Latam & Carib,,,,USD,Dollar,#N/A,#N/A
1,UGA,Uganda,Uganda,Uga.,800,UG,Uganda,Uganda,Uganda,Uganda,Uganda,UGA,Uganda,Uganda,Africa,Africa,SSA,SSA,,,,UGX,Shilling,32.94894987,1.2
1,UKR,Ukraine,Ukraine,Ukr.,804,UA,Ukraine,Ukraine,Ukraine,Ukraine,Ukraine,UKR,Ukraine,Ukraine,Europe,E Europe,E Europe,Eur & C Asia,1,,,UAH,Hryvnia,32.16303146,49.32368101
1,ARE,United Arab Emirates,UAE,UAE,784,AE,United Arab Emirates (the),United Arab Emirates,United Arab Emirates,United Arab Emirates,United Arab Emirates,ARE,United Arab Emirates,United Arab Emirates,Asia,W Asia,W Asia,MENA,,,,AED,Dirham,54.49798122,23.51280973
1,GBR,United Kingdom,UK,UK,826,GB,United Kingdom of Great Britain and Northern Ireland (the),United Kingdom,United Kingdom,United Kingdom of Great Britain and Northern Ireland,United Kingdom of Great Britain and Northern Ireland,GBR,United Kingdom,United Kingdom,Europe,N Europe,N Europe,Eur & C Asia,1,,,GBP,Pound,-2.5,54.95
1,USA,United States,USA,US,840,US,United States of America (the),United States,United States,United States,United States of America,USA,United States,United States,N America,Northern America,Northern America,Northern America,1,,,USD,Dollar,-92.4,34.9
,UMI,United States Minor Outlying Islands,US Minor Outlying Is,USMIO,581,UM,United States Minor Outlying Islands (the),,,,United States Minor Outlying Islands,,,,Oceania,Oceania,Oceania,SE Asia - Pac,,,,#N/A,#N/A,#N/A,#N/A
1,URY,Uruguay,Uruguay,Ury.,858,UY,Uruguay,Uruguay,Uruguay,Uruguay,Uruguay,URY,Uruguay,Uruguay,S America,Latam & Carib,Latam & Carib,Latam & Carib,,,,UYU,Peso,-55.96675867,-32.96573731
1,UZB,Uzbekistan,Uzbekistan,Uzb.,860,UZ,Uzbekistan,Uzbekistan,Uzbekistan,Uzbekistan,Uzbekistan,UZB,Uzbekistan,Uzbekistan,Asia,C Asia,C Asia,Eur & C Asia,,,,UZS,Som,64.00860692,41.72771176
0,VUT,Vanuatu,Vanuatu,Vanu.,548,VU,Vanuatu,Vanuatu,Vanuatu,Vanuatu,Vanuatu,VUT,Vanuatu,Vanuatu,Oceania,Oceania,Oceania,SE Asia - Pac,,,,VUV,Vatu,166.9260419,-15.3772348
9,VEN,Venezuela,Venezuela,Ven.,862,VE,Venezuela (Bolivarian Republic of),"Venezuela, RB","Venezuela, RB",Venezuela (Bolivarian Republic of),Venezuela (Bolivarian Republic of),VEN,Venezuela,Venezuela,S America,Latam & Carib,Latam & Carib,Latam & Carib,,,,VEF,Bolivar,-64.45940673,7.190789094
1,VNM,Viet Nam,Viet Nam,Viet.,704,VN,Viet Nam,Vietnam,Vietnam,Viet Nam,Viet Nam,VNM,Vietnam,Vietnam,Asia,SE Asia,SE Asia,SE Asia - Pac,,,,VND,Dong,104.4,21.71121777
,WLF,Wallis and Futuna,Wallis & Futuna,Wa.Fu.,876,WF,Wallis and Futuna,,Wallis and Futuna,,Wallis and Futuna Islands,,,,Oceania,Oceania,Oceania,SE Asia - Pac,,,,XPF,Franc,#N/A,#N/A
9,ESH,Western Sahara,W Sahara,W.Sah.,732,EH,Western Sahara*,,,,Western Sahara,,,,Africa,Africa,N Africa,MENA,,,,MAD,Dirham,-13.42223609,24.78925542
9,YEM,Yemen,Yemen,Yem.,887,YE,Yemen,"Yemen, Rep.",Yemen,Yemen,Yemen,YEM,Yemen,Yemen,Asia,W Asia,W Asia,MENA,,,,YER,Rial,45.86270813,15.32978024
1,ZMB,Zambia,Zambia,Zam.,894,ZM,Zambia,Zambia,Zambia,Zambia,Zambia,ZMB,Zambia,Zambia,Africa,Africa,SSA,SSA,,,,ZMW,Kwacha,26.72628115,-14.48165468
9,ZWE,Zimbabwe,Zimbabwe,Zim.,716,ZW,Zimbabwe,Zimbabwe,Zimbabwe,Zimbabwe,Zimbabwe,ZWE,Zimbabwe,Zimbabwe,Africa,Africa,SSA,SSA,,,,ZWD,Dollar,29.94282917,-18.91893406
